sku,abc,policy,filled,short,orders,avg_inv_units,avg_inv_value,order_cost,hold_cost,short_value
22423,A,naive,2810.0,0.0,2,815.38,6237.69,80.0,343.07,0.0
22423,A,static,2810.0,0.0,3,1149.27,8791.92,120.0,483.56,0.0
22423,A,adaptive,2810.0,0.0,3,788.23,6029.93,120.0,331.65,0.0
47566,A,naive,2590.0,0.0,1,1349.5,4008.0,40.0,220.44,0.0
47566,A,static,2590.0,0.0,1,2324.24,6902.99,40.0,379.66,0.0
47566,A,adaptive,2590.0,0.0,1,1903.84,5654.4,40.0,310.99,0.0
85123A,A,naive,8493.5,444.5,2,1650.54,2921.45,80.0,160.68,786.76
85123A,A,static,8938.0,0.0,3,3122.72,5527.22,120.0,304.0,0.0
85123A,A,adaptive,8938.0,0.0,3,2381.82,4215.83,120.0,231.87,0.0
85099B,A,naive,13873.4,1536.6,4,1700.77,2122.56,160.0,116.74,1917.68
85099B,A,static,15410.0,0.0,3,3020.03,3769.0,120.0,207.3,0.0
85099B,A,adaptive,15410.0,0.0,4,3709.35,4629.27,160.0,254.61,0.0
22502,A,naive,3.0,0.0,0,277.06,989.1,0.0,54.4,0.0
22502,A,static,3.0,0.0,0,762.13,2720.8,0.0,149.64,0.0
22502,A,adaptive,3.0,0.0,0,526.57,1879.85,0.0,103.39,0.0
84879,A,naive,11093.4,391.6,4,1278.62,1296.52,160.0,71.31,397.08
84879,A,static,11485.0,0.0,2,3850.51,3904.42,80.0,214.74,0.0
84879,A,adaptive,11485.0,0.0,2,5258.37,5331.98,80.0,293.26,0.0
79321,A,naive,2700.1,873.9,3,352.46,1215.99,120.0,66.88,3014.96
79321,A,static,3524.92,49.08,3,1103.16,3805.92,120.0,209.33,169.32
79321,A,adaptive,3373.39,200.61,3,903.9,3118.46,120.0,171.52,692.11
23298,A,naive,1906.1,442.9,2,399.35,1186.06,80.0,65.23,1315.41
23298,A,static,2349.0,0.0,2,1282.97,3810.42,80.0,209.57,0.0
23298,A,adaptive,2349.0,0.0,1,1471.13,4369.26,40.0,240.31,0.0
82484,A,naive,880.0,0.0,1,441.96,2108.16,40.0,115.95,0.0
82484,A,static,880.0,0.0,1,1252.19,5972.96,40.0,328.51,0.0
82484,A,adaptive,880.0,0.0,0,977.05,4660.51,0.0,256.33,0.0
22386,A,naive,6816.6,893.4,4,553.37,690.6,160.0,37.98,1114.96
22386,A,static,7129.94,580.06,2,1796.12,2241.55,80.0,123.29,723.92
22386,A,adaptive,7039.42,670.58,3,2409.64,3007.23,120.0,165.4,836.89
20725,A,naive,4887.3,53.7,3,765.05,757.4,120.0,41.66,53.16
20725,A,static,4941.0,0.0,1,2289.92,2267.02,40.0,124.69,0.0
20725,A,adaptive,4941.0,0.0,1,2170.55,2148.85,40.0,118.19,0.0
22960,A,naive,2522.0,0.0,4,375.91,958.57,160.0,52.72,0.0
22960,A,static,2522.0,0.0,2,939.23,2395.02,80.0,131.73,0.0
22960,A,adaptive,2522.0,0.0,2,1033.6,2635.68,80.0,144.96,0.0
22720,A,naive,1915.2,479.8,3,299.51,889.54,120.0,48.92,1425.01
22720,A,static,2395.0,0.0,2,930.49,2763.56,80.0,152.0,0.0
22720,A,adaptive,2395.0,0.0,3,1179.98,3504.55,120.0,192.75,0.0
85099F,A,naive,3575.35,572.65,2,889.68,1110.32,80.0,61.07,714.67
85099F,A,static,4148.0,0.0,1,2511.11,3133.87,40.0,172.36,0.0
85099F,A,adaptive,4148.0,0.0,1,2546.61,3178.17,40.0,174.8,0.0
22197,A,naive,16013.0,7304.0,4,1249.08,637.03,160.0,35.04,3725.04
22197,A,static,21692.97,1624.03,3,4376.28,2231.9,120.0,122.75,828.26
22197,A,adaptive,23253.27,63.73,4,4384.7,2236.2,160.0,122.99,32.5
21137,A,naive,2591.9,875.1,3,399.08,897.94,120.0,49.39,1968.98
21137,A,static,3309.24,157.76,2,1263.94,2843.86,80.0,156.41,354.96
21137,A,adaptive,3147.93,319.07,2,1323.56,2978.0,80.0,163.79,717.9
20685,A,naive,684.0,0.0,1,283.71,1353.29,40.0,74.43,0.0
20685,A,static,684.0,0.0,1,816.11,3892.85,40.0,214.11,0.0
20685,A,adaptive,684.0,0.0,0,820.6,3914.27,0.0,215.28,0.0
22469,A,naive,5167.05,510.95,3,764.49,756.84,120.0,41.63,505.84
22469,A,static,5678.0,0.0,2,2298.01,2275.03,80.0,125.13,0.0
22469,A,adaptive,5678.0,0.0,2,2297.67,2274.69,80.0,125.11,0.0
22178,A,naive,6226.1,226.9,3,1226.83,920.12,120.0,50.61,170.17
22178,A,static,6453.0,0.0,1,2987.6,2240.7,40.0,123.24,0.0
22178,A,adaptive,6453.0,0.0,2,3167.6,2375.7,80.0,130.66,0.0
21931,A,naive,3591.35,202.65,3,550.14,686.57,120.0,37.76,252.91
21931,A,static,3794.0,0.0,1,1448.34,1807.52,40.0,99.41,0.0
21931,A,adaptive,3794.0,0.0,2,1459.7,1821.71,80.0,100.19,0.0
23203,A,naive,6076.0,2687.0,4,466.46,582.14,160.0,32.02,3353.38
23203,A,static,8444.79,318.21,3,1815.07,2265.21,120.0,124.59,397.12
23203,A,adaptive,8763.0,0.0,3,2418.58,3018.39,120.0,166.01,0.0
21621,A,naive,376.0,0.0,1,212.89,1085.75,40.0,59.72,0.0
21621,A,static,376.0,0.0,0,645.68,3292.96,0.0,181.11,0.0
21621,A,adaptive,376.0,0.0,0,459.25,2342.16,0.0,128.82,0.0
22699,A,naive,2392.0,0.0,3,436.0,771.72,120.0,42.44,0.0
22699,A,static,2392.0,0.0,1,1406.96,2490.32,40.0,136.97,0.0
22699,A,adaptive,2392.0,0.0,1,1347.08,2384.33,40.0,131.14,0.0
21623,A,naive,263.0,0.0,0,319.53,1907.6,0.0,104.92,0.0
21623,A,static,263.0,0.0,0,1314.03,7844.78,0.0,431.46,0.0
21623,A,adaptive,263.0,0.0,0,613.9,3664.98,0.0,201.57,0.0
22090,A,naive,921.0,0.0,1,581.34,1028.97,40.0,56.59,0.0
22090,A,static,921.0,0.0,0,1506.79,2667.02,0.0,146.69,0.0
22090,A,adaptive,921.0,0.0,0,1407.19,2490.73,0.0,136.99,0.0
23199,A,naive,4013.55,362.45,3,546.26,681.73,120.0,37.5,452.34
23199,A,static,4376.0,0.0,2,1967.12,2454.97,80.0,135.02,0.0
23199,A,adaptive,4376.0,0.0,2,2663.79,3324.41,80.0,182.84,0.0
22470,A,naive,2853.0,628.0,3,414.23,733.19,120.0,40.33,1111.56
22470,A,static,3481.0,0.0,2,1616.65,2861.46,80.0,157.38,0.0
22470,A,adaptive,3481.0,0.0,2,1318.15,2333.12,80.0,128.32,0.0
85099C,A,naive,3932.0,0.0,3,553.59,690.88,120.0,38.0,0.0
85099C,A,static,3932.0,0.0,1,1545.75,1929.1,40.0,106.1,0.0
85099C,A,adaptive,3932.0,0.0,2,1439.0,1795.87,80.0,98.77,0.0
22629,A,naive,3246.9,130.1,2,767.85,898.38,80.0,49.41,152.22
22629,A,static,3377.0,0.0,1,1976.71,2312.75,40.0,127.2,0.0
22629,A,adaptive,3377.0,0.0,1,2014.33,2356.77,40.0,129.62,0.0
22355,A,naive,4518.4,445.6,3,711.98,363.11,120.0,19.97,227.26
22355,A,static,4964.0,0.0,1,2592.05,1321.94,40.0,72.71,0.0
22355,A,adaptive,4964.0,0.0,1,2441.32,1245.07,40.0,68.48,0.0
22457,A,naive,2110.7,135.3,2,372.92,660.06,80.0,36.3,239.48
22457,A,static,2246.0,0.0,1,1044.91,1849.49,40.0,101.72,0.0
22457,A,adaptive,2246.0,0.0,1,943.99,1670.87,40.0,91.9,0.0
22411,A,naive,3053.2,864.8,2,507.77,633.7,80.0,34.85,1079.27
22411,A,static,3918.0,0.0,2,1322.12,1650.01,80.0,90.75,0.0
22411,A,adaptive,3918.0,0.0,2,1712.41,2137.08,80.0,117.54,0.0
23173,A,naive,609.0,0.0,2,153.93,918.97,80.0,50.54,0.0
23173,A,static,609.0,0.0,1,672.99,4017.77,40.0,220.98,0.0
23173,A,adaptive,609.0,0.0,0,871.12,5200.6,0.0,286.03,0.0
22501,A,naive,67.0,0.0,0,188.37,1124.54,0.0,61.85,0.0
22501,A,static,67.0,0.0,0,576.14,3439.56,0.0,189.18,0.0
22501,A,adaptive,67.0,0.0,0,490.07,2925.72,0.0,160.91,0.0
22189,A,naive,1203.85,36.15,1,584.06,1384.23,40.0,76.13,85.68
22189,A,static,1240.0,0.0,1,2137.49,5065.84,40.0,278.62,0.0
22189,A,adaptive,1240.0,0.0,0,1376.84,3263.1,0.0,179.47,0.0
21929,A,naive,2171.85,32.15,2,641.4,800.47,80.0,44.03,40.12
21929,A,static,2204.0,0.0,1,1674.27,2089.49,40.0,114.92,0.0
21929,A,adaptive,2204.0,0.0,1,1710.73,2135.0,40.0,117.42,0.0
48138,A,naive,920.8,232.2,3,181.29,864.76,120.0,47.56,1107.59
48138,A,static,1153.0,0.0,2,539.27,2572.32,80.0,141.48,0.0
48138,A,adaptive,1153.0,0.0,3,660.13,3148.81,120.0,173.18,0.0
22383,A,naive,2498.0,0.0,2,729.32,722.03,80.0,39.71,0.0
22383,A,static,2498.0,0.0,1,1705.14,1688.09,40.0,92.85,0.0
22383,A,adaptive,2498.0,0.0,0,1868.84,1850.15,0.0,101.76,0.0
15056N,A,naive,753.0,0.0,2,218.73,780.86,80.0,42.95,0.0
15056N,A,static,753.0,0.0,1,625.08,2231.54,40.0,122.73,0.0
15056N,A,adaptive,753.0,0.0,0,726.05,2592.02,0.0,142.56,0.0
22326,A,naive,1836.1,532.9,2,388.05,686.86,80.0,37.78,943.23
22326,A,static,2369.0,0.0,1,1228.07,2173.69,40.0,119.55,0.0
22326,A,adaptive,2369.0,0.0,1,1396.76,2472.26,40.0,135.97,0.0
48187,A,naive,911.65,202.35,2,174.93,834.44,80.0,45.89,965.21
48187,A,static,1114.0,0.0,2,718.31,3426.32,80.0,188.45,0.0
48187,A,adaptive,1114.0,0.0,2,860.08,4102.59,80.0,225.64,0.0
23245,A,naive,2219.05,360.95,5,127.6,378.96,200.0,20.84,1072.02
23245,A,static,2580.0,0.0,2,838.43,2490.15,80.0,136.96,0.0
23245,A,adaptive,2580.0,0.0,2,1062.66,3156.1,80.0,173.59,0.0
15036,A,naive,2316.0,0.0,1,1823.37,908.04,40.0,49.94,0.0
15036,A,static,2316.0,0.0,0,6223.77,3099.44,0.0,170.47,0.0
15036,A,adaptive,2316.0,0.0,0,6294.36,3134.59,0.0,172.4,0.0
84946,A,naive,5406.65,1008.35,3,706.47,529.85,120.0,29.14,756.26
84946,A,static,5880.16,534.84,1,2105.88,1579.41,40.0,86.87,401.13
84946,A,adaptive,6415.0,0.0,2,2200.98,1650.73,80.0,90.79,0.0
20728,A,naive,2788.0,0.0,2,617.97,611.79,80.0,33.65,0.0
20728,A,static,2788.0,0.0,1,1758.75,1741.17,40.0,95.76,0.0
20728,A,adaptive,2788.0,0.0,1,1679.97,1663.17,40.0,91.47,0.0
21212,A,naive,7908.0,0.0,2,2168.41,715.57,80.0,39.36,0.0
21212,A,static,7908.0,0.0,1,5671.06,1871.45,40.0,102.93,0.0
21212,A,adaptive,7908.0,0.0,1,5576.94,1840.39,40.0,101.22,0.0
22961,A,naive,4504.1,82.9,3,573.16,498.65,120.0,27.43,72.12
22961,A,static,4587.0,0.0,1,2018.48,1756.07,40.0,96.58,0.0
22961,A,adaptive,4587.0,0.0,1,2094.28,1822.03,40.0,100.21,0.0
22659,A,naive,2469.0,0.0,2,662.29,774.88,80.0,42.62,0.0
22659,A,static,2469.0,0.0,1,2080.77,2434.51,40.0,133.9,0.0
22659,A,adaptive,2469.0,0.0,1,1732.79,2027.37,40.0,111.51,0.0
22630,A,naive,2684.0,0.0,2,590.13,690.45,80.0,37.97,0.0
22630,A,static,2684.0,0.0,1,1970.17,2305.1,40.0,126.78,0.0
22630,A,adaptive,2684.0,0.0,1,1917.68,2243.68,40.0,123.4,0.0
22697,A,naive,1909.0,0.0,3,342.84,606.83,120.0,33.38,0.0
22697,A,static,1909.0,0.0,1,1026.93,1817.66,40.0,99.97,0.0
22697,A,adaptive,1909.0,0.0,1,1078.9,1909.66,40.0,105.03,0.0
21731,A,naive,3807.25,510.75,3,585.06,579.21,120.0,31.86,505.64
21731,A,static,4318.0,0.0,2,1891.66,1872.74,80.0,103.0,0.0
21731,A,adaptive,4318.0,0.0,1,2384.13,2360.29,40.0,129.82,0.0
48194,A,naive,779.05,223.95,2,161.43,770.01,80.0,42.35,1068.24
48194,A,static,1003.0,0.0,1,713.12,3401.6,40.0,187.09,0.0
48194,A,adaptive,1003.0,0.0,2,841.73,4015.06,80.0,220.83,0.0
82482,A,naive,2292.7,217.3,3,393.87,602.62,120.0,33.14,332.47
82482,A,static,2510.0,0.0,1,1170.77,1791.28,40.0,98.52,0.0
82482,A,adaptive,2510.0,0.0,1,1319.97,2019.55,40.0,111.08,0.0
21928,A,naive,2351.65,25.35,2,557.73,696.05,80.0,38.28,31.64
21928,A,static,2377.0,0.0,1,1582.36,1974.79,40.0,108.61,0.0
21928,A,adaptive,2377.0,0.0,1,1472.38,1837.53,40.0,101.06,0.0
22727,A,naive,2402.6,475.4,4,147.77,332.48,160.0,18.29,1069.65
22727,A,static,2878.0,0.0,2,769.93,1732.35,80.0,95.28,0.0
22727,A,adaptive,2878.0,0.0,2,978.81,2202.33,80.0,121.13,0.0
22666,A,naive,1933.2,1024.8,3,333.26,589.87,120.0,32.44,1813.9
22666,A,static,2958.0,0.0,2,961.0,1700.97,80.0,93.55,0.0
22666,A,adaptive,2958.0,0.0,2,1451.62,2569.36,80.0,141.31,0.0
21523,A,naive,829.0,0.0,2,149.35,712.42,80.0,39.18,0.0
21523,A,static,829.0,0.0,1,716.18,3416.16,40.0,187.89,0.0
21523,A,adaptive,829.0,0.0,1,936.23,4465.81,40.0,245.62,0.0
20727,A,naive,3452.65,126.35,3,508.86,503.77,120.0,27.71,125.09
20727,A,static,3579.0,0.0,1,1662.67,1646.04,40.0,90.53,0.0
20727,A,adaptive,3579.0,0.0,1,1783.07,1765.24,40.0,97.09,0.0
22084,A,naive,11.0,0.0,0,764.1,1352.46,0.0,74.39,0.0
22084,A,static,11.0,0.0,0,2159.61,3822.5,0.0,210.24,0.0
22084,A,adaptive,11.0,0.0,0,1227.58,2172.82,0.0,119.51,0.0
22328,A,naive,1307.0,0.0,2,432.81,766.08,80.0,42.13,0.0
22328,A,static,1307.0,0.0,1,1695.33,3000.73,40.0,165.04,0.0
22328,A,adaptive,1307.0,0.0,1,955.29,1690.86,40.0,93.0,0.0
23284,A,naive,1303.4,1548.6,4,108.31,516.63,160.0,28.41,7386.82
23284,A,static,2416.73,435.27,3,526.81,2512.89,120.0,138.21,2076.25
23284,A,adaptive,2260.62,591.38,5,919.22,4384.66,200.0,241.16,2820.91
21733,A,naive,2033.5,612.5,3,324.58,574.5,120.0,31.6,1084.12
21733,A,static,2646.0,0.0,1,1216.32,2152.89,40.0,118.41,0.0
21733,A,adaptive,2503.63,142.37,2,974.46,1724.79,80.0,94.86,251.99
20712,A,naive,2742.05,244.95,3,343.42,428.58,120.0,23.57,305.7
20712,A,static,2987.0,0.0,1,1311.53,1636.79,40.0,90.02,0.0
20712,A,adaptive,2987.0,0.0,1,1405.67,1754.28,40.0,96.49,0.0
23201,A,naive,4115.6,1196.4,4,365.05,455.58,160.0,25.06,1493.11
23201,A,static,5312.0,0.0,2,1592.66,1987.64,80.0,109.32,0.0
23201,A,adaptive,5312.0,0.0,2,2025.36,2527.65,80.0,139.02,0.0
22693,A,naive,2432.0,0.0,1,1265.35,949.01,40.0,52.2,0.0
22693,A,static,2432.0,0.0,0,4619.05,3464.29,0.0,190.54,0.0
22693,A,adaptive,2432.0,0.0,0,3045.99,2284.49,0.0,125.65,0.0
21915,A,naive,6273.0,3210.0,4,688.42,516.32,160.0,28.4,2407.5
21915,A,static,9452.89,30.11,2,2741.46,2056.09,80.0,113.09,22.59
21915,A,adaptive,9483.0,0.0,3,3386.67,2540.0,120.0,139.7,0.0
21843,A,naive,432.0,0.0,3,91.18,599.03,120.0,32.95,0.0
21843,A,static,432.0,0.0,1,309.44,2033.0,40.0,111.82,0.0
21843,A,adaptive,432.0,0.0,1,410.72,2698.46,40.0,148.42,0.0
48185,A,naive,580.1,254.9,2,155.01,739.39,80.0,40.67,1215.87
48185,A,static,835.0,0.0,1,823.95,3930.22,40.0,216.16,0.0
48185,A,adaptive,791.18,43.82,2,739.81,3528.9,80.0,194.09,209.03
20726,A,naive,2017.0,0.0,2,588.13,582.25,80.0,32.02,0.0
20726,A,static,2017.0,0.0,1,1585.42,1569.57,40.0,86.33,0.0
20726,A,adaptive,2017.0,0.0,0,1492.86,1477.93,0.0,81.29,0.0
21175,A,naive,3282.8,291.2,4,302.95,463.52,160.0,25.49,445.54
21175,A,static,3574.0,0.0,2,1819.14,2783.29,80.0,153.08,0.0
21175,A,adaptive,3574.0,0.0,2,1135.01,1736.57,80.0,95.51,0.0
20713,A,naive,3191.8,615.2,3,433.25,540.69,120.0,29.74,767.77
20713,A,static,3807.0,0.0,2,1594.21,1989.57,80.0,109.43,0.0
20713,A,adaptive,3807.0,0.0,2,2008.45,2506.55,80.0,137.86,0.0
85066,A,naive,479.45,132.55,4,58.7,449.08,160.0,24.7,1014.01
85066,A,static,612.0,0.0,2,215.48,1648.39,80.0,90.66,0.0
85066,A,adaptive,612.0,0.0,2,237.94,1820.27,80.0,100.12,0.0
22722,A,naive,1690.5,803.5,3,213.37,505.68,120.0,27.81,1904.3
22722,A,static,2494.0,0.0,2,701.42,1662.38,80.0,91.43,0.0
22722,A,adaptive,2494.0,0.0,3,1228.58,2911.74,120.0,160.15,0.0
23206,A,naive,3495.25,10.75,3,493.5,488.56,120.0,26.87,10.64
23206,A,static,3506.0,0.0,1,2121.7,2100.49,40.0,115.53,0.0
23206,A,adaptive,3506.0,0.0,1,1793.3,1775.37,40.0,97.65,0.0
22384,A,naive,2118.0,0.0,2,635.42,629.07,80.0,34.6,0.0
22384,A,static,2118.0,0.0,1,1755.63,1738.07,40.0,95.59,0.0
22384,A,adaptive,2118.0,0.0,0,1884.88,1866.03,0.0,102.63,0.0
22726,A,naive,2101.5,708.5,4,118.77,267.23,160.0,14.7,1594.12
22726,A,static,2810.0,0.0,3,654.33,1472.25,120.0,80.97,0.0
22726,A,adaptive,2810.0,0.0,3,762.78,1716.24,120.0,94.39,0.0
22112,A,naive,1650.6,1702.4,5,51.89,154.12,200.0,8.48,5056.13
22112,A,static,3211.98,141.02,4,404.37,1200.97,160.0,66.05,418.84
22112,A,adaptive,3350.75,2.25,5,370.15,1099.36,200.0,60.46,6.67
20724,A,naive,5036.6,705.4,3,584.22,297.95,120.0,16.39,359.75
20724,A,static,5742.0,0.0,1,2182.04,1112.84,40.0,61.21,0.0
20724,A,adaptive,5742.0,0.0,1,2552.71,1301.88,40.0,71.6,0.0
23209,A,naive,4407.2,162.8,5,387.22,383.34,200.0,21.08,161.17
23209,A,static,4570.0,0.0,2,2051.76,2031.24,80.0,111.72,0.0
23209,A,adaptive,4570.0,0.0,2,1954.96,1935.41,80.0,106.45,0.0
22969,A,naive,2851.9,560.1,2,671.53,584.23,80.0,32.13,487.29
22969,A,static,3412.0,0.0,1,2237.15,1946.32,40.0,107.05,0.0
22969,A,adaptive,3412.0,0.0,1,2823.68,2456.6,40.0,135.11,0.0
20914,A,naive,1691.55,21.45,3,270.58,478.93,120.0,26.34,37.97
20914,A,static,1713.0,0.0,1,981.11,1736.56,40.0,95.51,0.0
20914,A,adaptive,1713.0,0.0,1,1002.74,1774.86,40.0,97.62,0.0
21754,A,naive,597.05,2.95,2,149.66,534.28,80.0,29.39,10.53
21754,A,static,600.0,0.0,1,429.72,1534.09,40.0,84.38,0.0
21754,A,adaptive,600.0,0.0,1,337.26,1204.02,40.0,66.22,0.0
22086,A,naive,3834.5,9840.5,7,8.33,14.74,280.0,0.81,17417.69
22086,A,static,8321.34,5353.66,5,450.74,797.82,200.0,43.88,9475.98
22086,A,adaptive,12545.43,1129.57,9,482.06,853.24,360.0,46.93,1999.33
84997D,A,naive,1377.3,297.7,3,178.52,444.51,120.0,24.45,741.27
84997D,A,static,1675.0,0.0,2,798.75,1988.89,80.0,109.39,0.0
84997D,A,adaptive,1481.18,193.82,1,714.3,1778.62,40.0,97.82,482.62
84078A,A,naive,55.2,1.8,1,32.08,768.88,40.0,42.29,43.15
84078A,A,static,57.0,0.0,0,106.51,2553.13,0.0,140.42,0.0
84078A,A,adaptive,57.0,0.0,0,105.2,2521.69,0.0,138.69,0.0
23202,A,naive,3382.2,434.8,4,265.37,331.18,160.0,18.21,542.63
23202,A,static,3817.0,0.0,2,1545.16,1928.36,80.0,106.06,0.0
23202,A,adaptive,3817.0,0.0,2,1677.7,2093.77,80.0,115.16,0.0
22139,A,naive,1319.5,471.5,4,125.15,371.71,160.0,20.44,1400.36
22139,A,static,1791.0,0.0,2,452.25,1343.19,80.0,73.88,0.0
22139,A,adaptive,1791.0,0.0,2,494.18,1467.71,80.0,80.72,0.0
84978,A,naive,2461.0,0.0,2,763.49,572.62,80.0,31.49,0.0
84978,A,static,2461.0,0.0,0,2258.66,1694.0,0.0,93.17,0.0
84978,A,adaptive,2461.0,0.0,1,1953.24,1464.93,40.0,80.57,0.0
22382,A,naive,2851.3,343.7,3,355.53,351.98,120.0,19.36,340.26
22382,A,static,3093.24,101.76,1,1337.42,1324.04,40.0,72.82,100.74
22382,A,adaptive,3195.0,0.0,1,1465.82,1451.16,40.0,79.81,0.0
21181,A,naive,3939.2,1735.8,5,277.98,350.26,200.0,19.26,2187.11
21181,A,static,5675.0,0.0,3,943.61,1188.95,120.0,65.39,0.0
21181,A,adaptive,5297.14,377.86,3,1804.55,2273.74,120.0,125.06,476.1
82486,A,naive,614.0,15.0,4,87.23,468.43,160.0,25.76,80.55
82486,A,static,629.0,0.0,1,267.92,1438.74,40.0,79.13,0.0
82486,A,adaptive,629.0,0.0,1,258.97,1390.66,40.0,76.49,0.0
22499,A,naive,106.0,0.0,0,251.25,896.98,0.0,49.33,0.0
22499,A,static,106.0,0.0,0,778.52,2779.33,0.0,152.86,0.0
22499,A,adaptive,106.0,0.0,0,616.78,2201.89,0.0,121.1,0.0
22467,A,naive,2372.6,298.4,4,236.52,361.87,160.0,19.9,456.55
22467,A,static,2624.77,46.23,1,963.47,1474.11,40.0,81.08,70.74
22467,A,adaptive,2519.76,151.24,2,916.44,1402.16,80.0,77.12,231.4
82494L,A,naive,2024.7,271.3,4,178.44,315.84,160.0,17.37,480.2
82494L,A,static,2296.0,0.0,2,732.49,1296.51,80.0,71.31,0.0
82494L,A,adaptive,2296.0,0.0,2,784.82,1389.13,80.0,76.4,0.0
22728,A,naive,1355.0,771.0,3,167.62,377.13,120.0,20.74,1734.75
22728,A,static,1901.03,224.97,1,792.33,1782.73,40.0,98.05,506.18
22728,A,adaptive,2126.0,0.0,2,971.06,2184.87,80.0,120.17,0.0
22171,A,naive,154.0,0.0,0,179.43,915.08,0.0,50.33,0.0
22171,A,static,154.0,0.0,0,621.22,3168.23,0.0,174.25,0.0
22171,A,adaptive,154.0,0.0,0,822.53,4194.89,0.0,230.72,0.0
20719,A,naive,3147.0,0.0,3,662.83,338.04,120.0,18.59,0.0
20719,A,static,3147.0,0.0,1,2302.87,1174.46,40.0,64.6,0.0
20719,A,adaptive,3147.0,0.0,0,2401.76,1224.9,0.0,67.37,0.0
22385,A,naive,2467.0,0.0,3,377.01,470.51,120.0,25.88,0.0
22385,A,static,2467.0,0.0,1,1290.79,1610.9,40.0,88.6,0.0
22385,A,adaptive,2467.0,0.0,1,1400.5,1747.83,40.0,96.13,0.0
84997B,A,naive,967.0,115.0,2,230.85,574.81,80.0,31.61,286.35
84997B,A,static,1082.0,0.0,1,837.8,2086.13,40.0,114.74,0.0
84997B,A,adaptive,1082.0,0.0,1,651.66,1622.62,40.0,89.24,0.0
22698,A,naive,1698.0,74.0,3,193.31,342.15,120.0,18.82,130.98
22698,A,static,1772.0,0.0,1,914.65,1618.92,40.0,89.04,0.0
22698,A,adaptive,1772.0,0.0,1,931.48,1648.72,40.0,90.68,0.0
21479,B,naive,1007.4,568.6,3,100.99,257.53,120.0,14.16,1449.93
21479,B,static,1576.0,0.0,2,658.93,1680.27,80.0,92.41,0.0
21479,B,adaptive,1548.94,27.06,2,469.53,1197.3,80.0,65.85,68.99
22492,B,naive,7606.1,835.9,3,1087.87,424.27,120.0,23.33,326.0
22492,B,static,8442.0,0.0,1,3855.89,1503.8,40.0,82.71,0.0
22492,B,adaptive,8442.0,0.0,1,3990.85,1556.43,40.0,85.6,0.0
22607,B,naive,128.0,0.0,1,127.55,761.47,40.0,41.88,0.0
22607,B,static,128.0,0.0,0,412.73,2464.01,0.0,135.52,0.0
22607,B,adaptive,128.0,0.0,0,345.18,2060.7,0.0,113.34,0.0
22900,B,naive,1036.0,0.0,2,306.71,598.08,80.0,32.89,0.0
22900,B,static,1036.0,0.0,1,896.83,1748.81,40.0,96.18,0.0
22900,B,adaptive,1036.0,0.0,1,789.64,1539.8,40.0,84.69,0.0
22379,B,naive,1855.3,289.7,3,299.79,377.74,120.0,20.78,365.02
22379,B,static,2145.0,0.0,1,1353.2,1705.03,40.0,93.78,0.0
22379,B,adaptive,2145.0,0.0,1,1351.62,1703.04,40.0,93.67,0.0
21936,B,naive,281.0,0.0,0,365.02,646.08,0.0,35.53,0.0
21936,B,static,281.0,0.0,0,1264.15,2237.55,0.0,123.07,0.0
21936,B,adaptive,281.0,0.0,0,1177.88,2084.85,0.0,114.67,0.0
21232,B,naive,3408.75,358.25,3,419.56,314.67,120.0,17.31,268.69
21232,B,static,3659.0,108.0,1,1560.23,1170.17,40.0,64.36,81.0
21232,B,adaptive,3767.0,0.0,1,1467.52,1100.64,40.0,60.54,0.0
47566B,B,naive,89.0,0.0,0,279.78,830.95,0.0,45.7,0.0
47566B,B,static,89.0,0.0,0,768.13,2281.33,0.0,125.47,0.0
47566B,B,adaptive,89.0,0.0,0,735.37,2184.06,0.0,120.12,0.0
22624,B,naive,542.7,50.3,3,62.16,317.02,120.0,17.44,256.53
22624,B,static,593.0,0.0,1,251.2,1281.13,40.0,70.46,0.0
22624,B,adaptive,593.0,0.0,1,264.4,1348.46,40.0,74.17,0.0
71477,B,naive,1358.1,981.9,3,195.68,386.27,120.0,21.25,1938.27
71477,B,static,2340.0,0.0,2,1070.03,2112.25,80.0,116.17,0.0
71477,B,adaptive,2340.0,0.0,2,1321.17,2608.0,80.0,143.44,0.0
22427,B,naive,295.45,36.55,1,159.71,570.17,40.0,31.36,130.48
22427,B,static,332.0,0.0,0,414.57,1480.01,0.0,81.4,0.0
22427,B,adaptive,332.0,0.0,0,426.27,1521.78,0.0,83.7,0.0
22188,B,naive,428.0,0.0,1,478.54,1134.15,40.0,62.38,0.0
22188,B,static,428.0,0.0,0,1859.04,4405.94,0.0,242.33,0.0
22188,B,adaptive,428.0,0.0,0,1381.16,3273.36,0.0,180.03,0.0
84029E,B,naive,1237.95,1302.05,5,66.1,168.55,200.0,9.27,3320.23
84029E,B,static,2400.88,139.12,3,604.37,1541.14,120.0,84.76,354.76
84029E,B,adaptive,2424.38,115.62,4,307.85,785.01,160.0,43.18,294.84
22993,B,naive,3830.3,309.7,4,335.66,251.75,160.0,13.85,232.27
22993,B,static,4140.0,0.0,1,1705.52,1279.14,40.0,70.35,0.0
22993,B,adaptive,4140.0,0.0,1,1713.21,1284.91,40.0,70.67,0.0
21166,B,naive,3522.4,1178.6,5,170.43,212.7,200.0,11.7,1470.89
21166,B,static,4608.34,92.66,2,852.47,1063.88,80.0,58.51,115.63
21166,B,adaptive,4512.83,188.17,3,1180.16,1472.84,120.0,81.01,234.83
22087,B,naive,511.65,68.35,1,411.93,729.12,40.0,40.1,120.98
22087,B,static,580.0,0.0,0,1363.69,2413.72,0.0,132.75,0.0
22087,B,adaptive,580.0,0.0,1,844.77,1495.24,40.0,82.24,0.0
23084,B,naive,2782.55,19664.45,4,278.3,347.32,160.0,19.1,24541.23
23084,B,static,7137.15,15309.85,3,1153.72,1439.85,120.0,79.19,19106.7
23084,B,adaptive,16810.62,5636.38,6,1832.23,2286.63,240.0,125.76,7034.2
22138,B,naive,1345.7,1269.3,4,70.57,209.59,160.0,11.53,3769.82
22138,B,static,2325.65,289.35,3,300.91,893.7,120.0,49.15,859.38
22138,B,adaptive,2586.14,28.86,4,467.48,1388.41,160.0,76.36,85.72
48188,B,naive,339.0,0.0,1,152.69,728.32,40.0,40.06,0.0
48188,B,static,339.0,0.0,0,574.69,2741.28,0.0,150.77,0.0
48188,B,adaptive,339.0,0.0,0,697.0,3324.68,0.0,182.86,0.0
84997C,B,naive,1013.4,175.6,3,166.55,414.72,120.0,22.81,437.24
84997C,B,static,1167.23,21.77,1,639.43,1592.17,40.0,87.57,54.2
84997C,B,adaptive,1140.85,48.15,1,643.02,1601.12,40.0,88.06,119.88
82483,B,naive,615.8,67.2,3,97.4,406.16,120.0,22.34,280.22
82483,B,static,683.0,0.0,1,359.94,1500.97,40.0,82.55,0.0
82483,B,adaptive,683.0,0.0,1,344.96,1438.47,40.0,79.12,0.0
22077,B,naive,2788.5,724.5,4,256.33,299.9,160.0,16.49,847.66
22077,B,static,3513.0,0.0,2,900.52,1053.6,80.0,57.95,0.0
22077,B,adaptive,3513.0,0.0,2,1096.03,1282.35,80.0,70.53,0.0
47590B,B,naive,418.0,0.0,2,150.93,493.56,80.0,27.15,0.0
47590B,B,static,418.0,0.0,0,508.18,1661.76,0.0,91.4,0.0
47590B,B,adaptive,418.0,0.0,0,486.39,1590.51,0.0,87.48,0.0
22625,B,naive,460.95,15.05,3,58.42,297.94,120.0,16.39,76.76
22625,B,static,476.0,0.0,1,244.04,1244.59,40.0,68.45,0.0
22625,B,adaptive,476.0,0.0,1,274.81,1401.52,40.0,77.08,0.0
21977,B,naive,4931.5,0.5,2,1281.35,422.84,80.0,23.26,0.16
21977,B,static,4932.0,0.0,0,4615.36,1523.07,0.0,83.77,0.0
21977,B,adaptive,4932.0,0.0,0,4284.59,1413.92,0.0,77.77,0.0
22083,B,naive,1248.3,110.7,3,159.75,282.75,120.0,15.55,195.94
22083,B,static,1297.7,61.3,1,644.74,1141.2,40.0,62.77,108.5
22083,B,adaptive,1359.0,0.0,1,618.51,1094.77,40.0,60.21,0.0
22776,B,naive,252.0,0.0,2,65.37,390.28,80.0,21.47,0.0
22776,B,static,252.0,0.0,0,221.27,1321.0,0.0,72.66,0.0
22776,B,adaptive,252.0,0.0,0,189.97,1134.13,0.0,62.38,0.0
21755,B,naive,439.0,0.0,2,115.73,413.15,80.0,22.72,0.0
21755,B,static,439.0,0.0,0,365.33,1304.22,0.0,71.73,0.0
21755,B,adaptive,439.0,0.0,1,320.01,1142.42,40.0,62.83,0.0
23174,B,naive,601.0,0.0,2,162.13,403.72,80.0,22.2,0.0
23174,B,static,601.0,0.0,0,774.02,1927.3,0.0,106.0,0.0
23174,B,adaptive,601.0,0.0,0,1161.11,2891.17,0.0,159.01,0.0
22558,B,naive,2124.2,4.8,3,402.03,398.01,120.0,21.89,4.75
22558,B,static,2129.0,0.0,1,1334.5,1321.16,40.0,72.66,0.0
22558,B,adaptive,2129.0,0.0,1,1228.6,1216.31,40.0,66.9,0.0
15056BL,B,naive,847.3,118.7,4,71.21,254.23,160.0,13.98,423.76
15056BL,B,static,966.0,0.0,2,349.28,1246.93,80.0,68.58,0.0
15056BL,B,adaptive,966.0,0.0,2,454.48,1622.48,80.0,89.24,0.0
22111,B,naive,1248.45,1318.55,5,41.83,124.23,200.0,6.83,3916.09
22111,B,static,2321.83,245.17,3,368.24,1093.68,120.0,60.15,728.15
22111,B,adaptive,2159.6,407.4,4,644.72,1914.83,160.0,105.32,1209.97
22507,B,naive,629.65,209.35,2,170.01,504.93,80.0,27.77,621.77
22507,B,static,839.0,0.0,1,582.7,1730.63,40.0,95.18,0.0
22507,B,adaptive,839.0,0.0,1,765.27,2272.85,40.0,125.01,0.0
22605,B,naive,117.0,0.0,1,60.58,543.41,40.0,29.89,0.0
22605,B,static,117.0,0.0,0,198.41,1779.72,0.0,97.88,0.0
22605,B,adaptive,117.0,0.0,0,210.95,1892.22,0.0,104.07,0.0
23243,B,naive,1019.35,1808.65,4,82.13,243.93,160.0,13.42,5371.69
23243,B,static,1750.59,1077.41,2,508.12,1509.1,80.0,83.0,3199.9
23243,B,adaptive,2078.83,749.17,3,1509.12,4482.08,120.0,246.51,2225.03
21430,B,naive,569.0,0.0,2,176.84,397.9,80.0,21.88,0.0
21430,B,static,569.0,0.0,0,697.31,1568.94,0.0,86.29,0.0
21430,B,adaptive,569.0,0.0,0,864.89,1946.01,0.0,107.03,0.0
84029G,B,naive,802.35,508.65,3,81.35,207.45,120.0,11.41,1297.06
84029G,B,static,1293.88,17.12,1,519.76,1325.4,40.0,72.9,43.65
84029G,B,adaptive,1311.0,0.0,2,412.51,1051.91,80.0,57.86,0.0
23207,C,naive,1985.0,0.0,3,371.12,367.4,120.0,20.21,0.0
23207,C,static,1985.0,0.0,1,1344.59,1331.14,40.0,73.21,0.0
23207,C,adaptive,1985.0,0.0,0,1588.12,1572.24,0.0,86.47,0.0
84077,C,naive,13778.1,2385.9,3,2497.7,434.6,120.0,23.9,415.15
84077,C,static,16164.0,0.0,1,9239.72,1607.71,40.0,88.42,0.0
84077,C,adaptive,16138.27,25.73,1,7544.56,1312.75,40.0,72.2,4.48
23200,C,naive,2245.5,41.5,4,202.12,252.24,160.0,13.87,51.79
23200,C,static,2287.0,0.0,1,1084.34,1353.26,40.0,74.43,0.0
23200,C,adaptive,2287.0,0.0,1,1219.93,1522.47,40.0,83.74,0.0
21930,C,naive,1831.55,274.45,3,217.45,271.38,120.0,14.93,342.51
21930,C,static,2106.0,0.0,1,796.25,993.72,40.0,54.65,0.0
21930,C,adaptive,2106.0,0.0,1,1049.87,1310.24,40.0,72.06,0.0
48184,C,naive,560.0,233.0,4,74.69,356.28,160.0,19.6,1111.41
48184,C,static,793.0,0.0,2,198.65,947.57,80.0,52.12,0.0
48184,C,adaptive,793.0,0.0,2,433.5,2067.78,80.0,113.73,0.0
85152,C,naive,2391.2,488.8,4,167.54,211.1,160.0,11.61,615.89
85152,C,static,2880.0,0.0,2,803.59,1012.53,80.0,55.69,0.0
85152,C,adaptive,2880.0,0.0,2,870.38,1096.67,80.0,60.32,0.0
21080,C,naive,2663.0,0.0,2,760.65,387.93,80.0,21.34,0.0
21080,C,static,2663.0,0.0,0,2483.83,1266.75,0.0,69.67,0.0
21080,C,adaptive,2663.0,0.0,0,2360.55,1203.88,0.0,66.21,0.0
23240,C,naive,1397.0,436.0,5,72.31,180.05,200.0,9.9,1085.64
23240,C,static,1833.0,0.0,2,432.45,1076.81,80.0,59.22,0.0
23240,C,adaptive,1833.0,0.0,2,595.42,1482.59,80.0,81.54,0.0
21524,C,naive,461.7,141.3,3,56.73,270.61,120.0,14.88,674.0
21524,C,static,603.0,0.0,1,236.12,1126.31,40.0,61.95,0.0
21524,C,adaptive,603.0,0.0,1,281.07,1340.72,40.0,73.74,0.0
20750,C,naive,473.15,24.85,3,66.18,315.68,120.0,17.36,118.53
20750,C,static,498.0,0.0,1,259.08,1235.81,40.0,67.97,0.0
20750,C,adaptive,498.0,0.0,1,243.17,1159.94,40.0,63.8,0.0
21216,C,naive,437.35,2.65,2,131.94,391.86,80.0,21.55,7.87
21216,C,static,440.0,0.0,0,435.23,1292.64,0.0,71.1,0.0
21216,C,adaptive,440.0,0.0,0,421.33,1251.34,0.0,68.82,0.0
22191,C,naive,340.0,0.0,3,75.4,384.54,120.0,21.15,0.0
22191,C,static,340.0,0.0,1,303.73,1549.02,40.0,85.2,0.0
22191,C,adaptive,340.0,0.0,0,451.93,2304.85,0.0,126.77,0.0
22114,C,naive,1362.7,2527.3,7,2.84,7.25,280.0,0.4,6444.62
22114,C,static,2996.71,893.29,4,235.08,599.45,160.0,32.97,2277.88
22114,C,adaptive,3224.87,665.13,5,304.39,776.19,200.0,42.69,1696.08
