StockCode,mu,sigma,cv,train_value,abc,xyz,unit_cost,z,eoq
22423,256.5,146.8,0.57,128959.47,A,X,7.65,2.05,797.0
47566,385.78,267.02,0.69,83755.35,A,X,2.97,2.05,1568.0
85123A,638.25,426.11,0.67,70743.94,A,X,1.77,2.05,2612.0
85099B,790.7,381.53,0.48,61291.92,A,X,1.25,2.05,3462.0
22502,46.62,49.08,1.05,51044.32,A,Y,3.57,2.05,497.0
84879,604.4,595.44,0.99,39030.56,A,X,1.01,2.05,3358.0
79321,159.35,194.88,1.22,32315.3,A,Y,3.45,2.05,935.0
23298,150.35,194.83,1.3,30232.22,A,Y,2.97,2.05,979.0
82484,119.75,192.94,1.61,27837.37,A,Y,4.77,2.05,689.0
22386,329.8,219.93,0.67,26216.93,A,X,1.25,2.05,2236.0
20725,345.05,190.92,0.55,25150.45,A,X,0.99,2.05,2568.0
22960,146.57,95.78,0.65,24752.49,A,X,2.55,2.05,1043.0
22720,122.85,110.94,0.9,24347.74,A,X,2.97,2.05,885.0
85099F,320.73,243.55,0.76,24158.88,A,X,1.25,2.05,2205.0
22197,722.5,765.48,1.06,23909.55,A,Y,0.51,2.05,5176.0
21137,166.65,217.57,1.31,22980.1,A,Y,2.25,2.05,1184.0
20685,81.9,107.54,1.31,21672.7,A,Y,4.77,2.05,570.0
22469,304.68,334.74,1.1,21667.45,A,Y,0.99,2.05,2413.0
22178,425.35,223.01,0.52,21652.73,A,X,0.75,2.05,3275.0
21931,234.22,117.02,0.5,21287.53,A,X,1.25,2.05,1884.0
23203,271.0,376.92,1.39,21164.35,A,Y,1.25,2.05,2027.0
21621,59.2,77.41,1.31,20880.54,A,Y,5.1,2.05,469.0
22699,175.0,146.5,0.84,20439.04,A,X,1.77,2.05,1368.0
21623,73.55,226.5,3.08,20045.87,A,Z,5.97,2.05,483.0
22090,162.8,103.18,0.63,19570.64,A,X,1.77,2.05,1319.0
23199,243.92,291.06,1.19,19354.21,A,Y,1.25,2.05,1923.0
22470,158.5,260.59,1.64,19223.18,A,Y,1.77,2.05,1302.0
85099C,238.15,142.29,0.6,18999.88,A,X,1.25,2.05,1900.0
22629,262.65,190.63,0.73,18884.98,A,X,1.17,2.05,2061.0
22355,307.9,150.21,0.49,18868.39,A,X,0.51,2.05,3379.0
22457,151.95,75.9,0.5,18709.02,A,X,1.77,2.05,1275.0
22411,200.2,111.16,0.56,18580.16,A,X,1.25,2.05,1742.0
23173,52.45,110.1,2.1,18448.52,A,Z,5.97,2.05,408.0
22501,38.12,54.05,1.42,18361.36,A,Y,5.97,2.05,348.0
22189,166.98,363.53,2.18,18229.45,A,Z,2.37,2.05,1155.0
21929,210.48,130.29,0.62,17905.35,A,X,1.25,2.05,1786.0
48138,63.3,81.17,1.28,17473.38,A,Y,4.77,2.05,501.0
22383,244.9,126.62,0.52,17197.83,A,X,0.99,2.05,2163.0
15056N,77.28,70.26,0.91,17147.36,A,X,3.57,2.05,640.0
22326,147.85,110.35,0.75,16936.84,A,X,1.77,2.05,1257.0
48187,66.28,113.87,1.72,16769.0,A,Y,4.77,2.05,513.0
23245,88.72,163.95,1.85,16737.47,A,Y,2.97,2.05,752.0
15036,520.6,572.3,1.1,16220.82,A,Y,0.5,2.05,4447.0
84946,301.77,180.65,0.6,16180.72,A,X,0.75,2.05,2759.0
20728,221.7,131.92,0.6,16155.93,A,X,0.99,2.05,2058.0
21212,701.35,436.85,0.62,16107.57,A,X,0.33,2.05,6340.0
22961,266.35,174.12,0.65,16092.02,A,X,0.87,2.05,2407.0
22659,223.1,214.16,0.96,16004.53,A,X,1.17,2.05,1899.0
22630,219.18,183.78,0.84,15974.71,A,X,1.17,2.05,1883.0
22697,125.52,59.91,0.48,15744.55,A,X,1.77,2.05,1159.0
21731,233.38,213.84,0.92,15515.36,A,X,0.99,2.05,2112.0
48194,59.68,107.58,1.8,15475.53,A,Y,4.77,2.05,487.0
82482,154.45,91.96,0.6,15376.93,A,X,1.53,2.05,1382.0
21928,192.78,142.26,0.74,15376.35,A,X,1.25,2.05,1710.0
22727,99.2,112.58,1.13,15366.36,A,Y,2.25,2.05,914.0
22666,120.6,77.86,0.65,15261.72,A,X,1.77,2.05,1136.0
21523,59.2,113.88,1.92,15240.89,A,Y,4.77,2.05,485.0
20727,209.78,115.75,0.55,15187.55,A,X,0.99,2.05,2002.0
22084,128.85,207.16,1.61,15019.72,A,Y,1.77,2.05,1174.0
22328,135.72,237.56,1.75,14999.83,A,Y,1.77,2.05,1205.0
23284,57.3,118.39,2.07,14987.96,A,Z,4.77,2.05,477.0
21733,124.62,170.38,1.37,14734.11,A,Y,1.77,2.05,1154.0
20712,161.18,123.35,0.77,14627.47,A,X,1.25,2.05,1563.0
23201,186.3,233.56,1.25,14571.81,A,Y,1.25,2.05,1681.0
22693,337.72,598.63,1.77,14493.44,A,Y,0.75,2.05,2919.0
21915,309.25,363.03,1.17,14260.38,A,Y,0.75,2.05,2793.0
21843,31.35,36.34,1.16,14215.9,A,Y,6.57,2.05,301.0
48185,52.35,133.06,2.54,14170.28,A,Z,4.77,2.05,456.0
20726,191.68,128.8,0.67,14101.04,A,X,0.99,2.05,1914.0
21175,160.9,323.17,2.01,14090.72,A,Z,1.53,2.05,1411.0
20713,178.8,210.9,1.18,14048.76,A,Y,1.25,2.05,1646.0
85066,26.58,31.97,1.2,14037.51,A,Y,7.65,2.05,257.0
22722,84.62,85.88,1.01,13974.21,A,Y,2.37,2.05,822.0
23206,211.88,247.65,1.17,13885.92,A,Y,0.99,2.05,2012.0
22384,206.28,140.24,0.68,13592.6,A,X,0.99,2.05,1985.0
22726,83.75,87.66,1.05,13471.19,A,Y,2.25,2.05,839.0
22112,57.65,93.8,1.63,13430.32,A,Y,2.97,2.05,606.0
20724,283.05,147.77,0.52,13274.79,A,X,0.51,2.05,3240.0
23209,205.7,287.73,1.4,13231.24,A,Y,0.99,2.05,1983.0
22969,222.65,186.1,0.84,13006.97,A,X,0.87,2.05,2200.0
20914,112.92,89.32,0.79,12980.47,A,X,1.77,2.05,1099.0
21754,53.18,29.3,0.55,12963.77,A,X,3.57,2.05,531.0
22086,93.88,219.09,2.33,12899.81,A,Z,1.77,2.05,1002.0
84997D,84.02,98.85,1.18,12867.3,A,Y,2.49,2.05,799.0
84078A,8.2,9.44,1.15,12827.57,A,Y,23.97,2.05,81.0
23202,162.1,218.07,1.35,12781.67,A,Y,1.25,2.05,1568.0
22139,64.25,38.64,0.6,12611.18,A,X,2.97,2.05,640.0
84978,243.82,137.71,0.56,12365.34,A,X,0.75,2.05,2480.0
22382,178.02,95.92,0.54,12295.11,A,X,0.99,2.05,1844.0
21181,150.43,158.29,1.05,12184.96,A,Y,1.26,2.05,1503.0
82486,35.5,19.46,0.55,12093.48,A,X,5.37,2.05,354.0
22499,49.35,59.79,1.21,11992.54,A,Y,3.57,2.05,512.0
22467,125.05,89.58,0.72,11929.95,A,X,1.53,2.05,1244.0
82494L,101.22,69.69,0.69,11918.67,A,X,1.77,2.05,1040.0
22728,77.0,108.8,1.41,11895.92,A,Y,2.25,2.05,805.0
22171,39.72,60.92,1.53,11863.4,A,Y,5.1,2.05,384.0
20719,242.62,131.54,0.54,11796.5,A,X,0.51,2.05,3000.0
22385,150.45,133.05,0.88,11682.9,A,X,1.25,2.05,1510.0
84997B,77.0,93.86,1.22,11597.85,A,Y,2.49,2.05,765.0
22698,93.5,73.55,0.79,11191.56,A,X,1.77,2.05,1000.0
21479,52.45,116.65,2.22,11128.31,B,Z,2.55,1.64,624.0
22492,445.68,388.21,0.87,10987.04,B,X,0.39,1.64,4649.0
22607,29.42,34.01,1.16,10968.55,B,Y,5.97,1.64,306.0
22900,92.4,115.6,1.25,10819.64,B,Y,1.95,1.64,947.0
22379,117.55,125.59,1.07,10714.6,B,Y,1.26,1.64,1329.0
21936,91.88,96.75,1.05,10637.33,B,Y,1.77,1.64,991.0
21232,193.12,132.59,0.69,10632.17,B,X,0.75,1.64,2207.0
47566B,55.92,40.38,0.72,10626.53,B,X,2.97,1.64,597.0
22624,30.72,22.59,0.74,10593.85,B,X,5.1,1.64,338.0
71477,92.42,169.19,1.83,10573.45,B,Y,1.97,1.64,941.0
22427,43.58,29.58,0.68,10555.01,B,X,3.57,1.64,481.0
22188,102.48,332.92,3.25,10428.73,B,Z,2.37,1.64,905.0
84029E,50.78,156.66,3.09,10330.91,B,Z,2.55,1.64,614.0
22993,201.05,174.43,0.87,10262.16,B,X,0.75,1.64,2252.0
21166,127.8,104.86,0.82,10101.36,B,X,1.25,1.64,1392.0
22087,85.28,122.28,1.43,10019.05,B,Y,1.77,1.64,955.0
23084,126.48,260.13,2.06,9977.3,B,Z,1.25,1.64,1385.0
22138,52.15,39.43,0.76,9968.42,B,X,2.97,1.64,577.0
48188,43.02,112.44,2.61,9924.85,B,Z,4.77,1.64,413.0
84997C,64.2,87.34,1.36,9743.92,B,Y,2.49,1.64,699.0
82483,39.3,33.36,0.85,9706.59,B,X,4.17,1.64,423.0
22077,137.12,71.24,0.52,9680.95,B,X,1.17,1.64,1489.0
47590B,46.92,45.91,0.98,9656.7,B,X,3.27,1.64,521.0
22625,27.32,22.79,0.83,9613.13,B,X,5.1,1.64,319.0
21977,490.25,504.43,1.03,9581.1,B,Y,0.33,1.64,5301.0
22083,78.05,44.44,0.57,9579.62,B,X,1.77,1.64,914.0
22776,23.58,13.95,0.59,9538.05,B,X,5.97,1.64,274.0
21755,38.78,24.33,0.63,9537.4,B,X,3.57,1.64,454.0
23174,59.62,132.89,2.23,9477.27,B,Z,2.49,1.64,673.0
22558,156.7,102.83,0.66,9474.99,B,X,0.99,1.64,1731.0
15056BL,42.02,41.8,0.99,9462.58,B,X,3.57,1.64,472.0
22111,44.02,73.98,1.68,9451.74,B,Y,2.97,1.64,530.0
22507,52.28,79.81,1.53,9448.36,B,Y,2.97,1.64,577.0
22605,16.23,12.05,0.74,9294.13,B,X,8.97,1.64,185.0
23243,47.58,105.46,2.22,9282.49,B,Z,2.97,1.64,551.0
21430,60.02,67.67,1.13,9226.56,B,Y,2.25,1.64,711.0
84029G,44.58,95.03,2.13,9224.34,B,Z,2.55,1.64,575.0
23207,143.25,173.21,1.21,9204.21,C,Y,0.99,1.28,1655.0
84077,936.85,884.43,0.94,9184.7,C,X,0.17,1.28,10091.0
23200,115.12,153.66,1.33,9060.45,C,Y,1.25,1.28,1321.0
21930,103.42,70.43,0.68,9052.57,C,X,1.25,1.28,1252.0
48184,30.0,21.47,0.72,9007.56,C,X,4.77,1.28,345.0
85152,114.1,97.35,0.85,8939.2,C,X,1.26,1.28,1309.0
21080,259.25,144.66,0.56,8932.74,C,X,0.51,1.28,3101.0
23240,55.0,100.88,1.83,8834.44,C,Y,2.49,1.28,647.0
21524,27.72,16.69,0.6,8800.38,C,X,4.77,1.28,332.0
20750,30.52,20.74,0.68,8772.4,C,X,4.77,1.28,348.0
21216,41.22,32.58,0.79,8770.96,C,X,2.97,1.28,513.0
22191,26.9,55.83,2.08,8770.35,C,Z,5.1,1.28,316.0
22114,33.33,105.06,3.15,8734.77,C,Z,2.55,1.28,498.0
